source;target;correlation_healthy;correlation_cancer
2-isopropylmalic acid;2-oxoarginine;0.12202312975469036;0.04041501056631584
2-isopropylmalic acid;3-(2-hydroxyphenyl)propanoic acid;-0.2864851066386095;-0.048151861788446826
2-isopropylmalic acid;4-acetamidobutanoate;0.24760290458235854;0.8929051413499033
2-isopropylmalic acid;acetylphosphate;0.19235556346372976;-0.18384224350424502
2-isopropylmalic acid;adenine;-0.16485388060200004;0.38427130926214903
2-isopropylmalic acid;alpha-d-glucose;-0.17412402396041546;0.579183890496412
2-isopropylmalic acid;choline;0.008176336800740622;0.005837621312350651
2-isopropylmalic acid;d-galactose;-0.04070834885357112;0.33895018865845505
2-isopropylmalic acid;d-mannose;-0.09340175539213211;
2-isopropylmalic acid;deoxyinosine;0.37481187835474133;-0.3886451626866198
2-isopropylmalic acid;gamma-glutamylcysteine;-0.45892460344517905;0.6984407375400798
2-isopropylmalic acid;glyceric acid;-0.41444925183612413;0.5895119182431164
2-isopropylmalic acid;guanine;0.1724602520475631;0.2914609505290955
2-isopropylmalic acid;hypoxanthine;0.4459837490837417;-0.10479414992636861
2-isopropylmalic acid;inosine;-0.18582469434550888;-0.3073437918518176
2-isopropylmalic acid;l-2,4-diaminobutyric acid;0.35542211493297793;0.16608507887696053
2-isopropylmalic acid;l-cysteine;0.3672101210879421;-0.30745545124373613
2-isopropylmalic acid;l-glutamic gamma-semialdehyde;-0.22428133939188818;0.29474733157303235
2-isopropylmalic acid;l-phenylalanine;0.08522983607280393;0.2721819241963895
2-isopropylmalic acid;l-tyrosine;0.24497473998842278;0.5996312270894648
2-isopropylmalic acid;phenylacetic acid;-0.1396290553682;0.049930031995855745
2-isopropylmalic acid;phenylacetylglutamine;-0.08271957204339347;-0.13848035083226773
2-isopropylmalic acid;putrescine;0.13801042654977744;0.8841201000451265
2-isopropylmalic acid;pyroglutamic acid;0.26093442377547504;0.6653397105289853
2-isopropylmalic acid;quinate;0.13299365831497106;0.6499622614253056
2-isopropylmalic acid;succinic acid;0.48332998389752024;0.5156249763836372
2-isopropylmalic acid;sucrose;-0.11891109399444871;0.16027301575234085
2-isopropylmalic acid;sulfate;0.1988924529862453;-0.1863794527653123
2-isopropylmalic acid;taurine;0.26905043262875444;0.7048347321812284
2-isopropylmalic acid;uric acid;-0.014564975554027176;0.3554517425202174
2-ketobutyric acid;2-isopropylmalic acid;-0.0461477764178141;0.7359507651673264
2-ketobutyric acid;2-oxoarginine;0.06416816030696361;-0.27378560869545937
2-ketobutyric acid;3-(2-hydroxyphenyl)propanoic acid;-0.23083043287636182;-0.33087485794167665
2-ketobutyric acid;4-acetamidobutanoate;0.37738550016063266;0.7152846990182469
2-ketobutyric acid;acetylphosphate;-0.2694404095048994;0.03400345617623331
2-ketobutyric acid;adenine;-0.00494220180320501;0.3718173529735386
2-ketobutyric acid;alpha-d-glucose;0.5587486687413596;0.4601669952892094
2-ketobutyric acid;choline;0.23897156988325527;0.083185345885918
2-ketobutyric acid;d-galactose;0.9847942176731215;0.37623087434245817
2-ketobutyric acid;d-mannose;0.927156009063792;
2-ketobutyric acid;deoxyinosine;0.044096929936021226;-0.5061835272360239
2-ketobutyric acid;gamma-glutamylcysteine;0.08949126115884926;0.7500792155725899
2-ketobutyric acid;glyceric acid;0.3410810388404611;0.5326559015034881
2-ketobutyric acid;guanine;0.05759753646506262;-0.029038944915871782
2-ketobutyric acid;hypoxanthine;0.18205398273916729;-0.4501858068464725
2-ketobutyric acid;inosine;0.8482080931594856;-0.6695190195434668
2-ketobutyric acid;l-2,4-diaminobutyric acid;-0.28045078638811866;-0.16499620597381445
2-ketobutyric acid;l-cysteine;0.3092424215410084;0.01604329244070412
2-ketobutyric acid;l-glutamic gamma-semialdehyde;-0.276140585540702;0.002697896615654338
2-ketobutyric acid;l-phenylalanine;-0.2535815229552364;-0.07312860694658208
2-ketobutyric acid;l-threonine;-0.26731495618865625;-0.6288128631554529
2-ketobutyric acid;l-tyrosine;0.015790105119497112;0.533720320083584
2-ketobutyric acid;l-valine;0.26574829941775513;0.3137663926189617
2-ketobutyric acid;phenylacetic acid;-0.12982089054167195;-0.25729944982940967
2-ketobutyric acid;phenylacetylglutamine;0.22564250545805783;0.1466630967773455
2-ketobutyric acid;putrescine;0.6618338560630103;0.7587080351528209
2-ketobutyric acid;pyroglutamic acid;0.03966028829950128;0.5250888155812734
2-ketobutyric acid;quinate;0.2854510019654917;0.531093977294367
2-ketobutyric acid;succinic acid;-0.09692910384463056;0.5568398909922077
2-ketobutyric acid;sucrose;0.015442749037944006;0.20665746745724153
2-ketobutyric acid;sulfate;0.3926948928082453;-0.2700845305989009
2-ketobutyric acid;taurine;-0.1797669468785838;0.6717197300834199
2-ketobutyric acid;uric acid;0.2834703393769709;0.607540100092789
2-oxoarginine;acetylphosphate;0.6753177081735957;-0.07042758037409987
2-oxoarginine;adenine;-0.11465427432391566;0.0984644343480781
2-oxoarginine;alpha-d-glucose;-0.07878125537754939;0.1267791733360845
2-oxoarginine;d-galactose;0.04725759448359514;-0.040907811991066974
2-oxoarginine;d-mannose;0.15677258971052055;
2-oxoarginine;deoxyinosine;-0.0684443390889759;-0.09517241219112453
2-oxoarginine;guanine;0.061396339948095846;0.33913003460969415
2-oxoarginine;hypoxanthine;-0.17385538208730186;0.18286103337255027
2-oxoarginine;inosine;-0.05216804832515639;0.2745783142819929
2-oxoarginine;l-glutamic gamma-semialdehyde;-0.18859227894809288;0.07135274772282904
2-oxoarginine;sucrose;-0.23092945013900948;-0.3033987775080209
2-oxoarginine;sulfate;0.11354348614501682;-0.08820014493875908
2-oxoarginine;taurine;-0.09031806141074013;-0.01918900117878061
2-oxoarginine;uric acid;-0.03102556961948959;-0.03791892574146614
3-(2-hydroxyphenyl)propanoic acid;2-oxoarginine;-0.28987922075578604;0.5144637605087572
3-(2-hydroxyphenyl)propanoic acid;4-acetamidobutanoate;-0.21488902768634963;-0.07146120921495987
3-(2-hydroxyphenyl)propanoic acid;acetylphosphate;-0.07864114982470517;0.1350726410073464
3-(2-hydroxyphenyl)propanoic acid;adenine;0.024934385928500204;-0.20840589015228414
3-(2-hydroxyphenyl)propanoic acid;alpha-d-glucose;-0.11149092024571017;-0.11318746992224085
3-(2-hydroxyphenyl)propanoic acid;choline;-0.5275561441857081;-0.5473077676339779
3-(2-hydroxyphenyl)propanoic acid;d-galactose;-0.23847702162081796;-0.1510661519600744
3-(2-hydroxyphenyl)propanoic acid;d-mannose;-0.18279246116922318;
3-(2-hydroxyphenyl)propanoic acid;deoxyinosine;0.07552594632274956;0.021489121220377973
3-(2-hydroxyphenyl)propanoic acid;gamma-glutamylcysteine;0.25553539179845425;-0.1566381166056438
3-(2-hydroxyphenyl)propanoic acid;glyceric acid;0.3750376264731172;-0.004580906995614581
3-(2-hydroxyphenyl)propanoic acid;guanine;0.19725521490720327;0.590172286484037
3-(2-hydroxyphenyl)propanoic acid;hypoxanthine;-0.10275021382252564;0.3249256038581579
3-(2-hydroxyphenyl)propanoic acid;inosine;-0.13362864714976364;0.6593760290589863
3-(2-hydroxyphenyl)propanoic acid;l-2,4-diaminobutyric acid;0.49638419942215595;0.20714844802332172
3-(2-hydroxyphenyl)propanoic acid;l-cysteine;-0.5775494302131358;-0.23286505036113309
3-(2-hydroxyphenyl)propanoic acid;l-glutamic gamma-semialdehyde;0.37170663002659415;0.19173514431384986
3-(2-hydroxyphenyl)propanoic acid;l-phenylalanine;0.2583920900042677;0.21183181629505793
3-(2-hydroxyphenyl)propanoic acid;phenylacetic acid;0.07506155740359517;-0.14454765494526195
3-(2-hydroxyphenyl)propanoic acid;phenylacetylglutamine;-0.3091139557500933;-0.19083209525270328
3-(2-hydroxyphenyl)propanoic acid;putrescine;-0.39514113025305064;-0.151385867678205
3-(2-hydroxyphenyl)propanoic acid;pyroglutamic acid;0.14340212957638565;-0.016423742313437132
3-(2-hydroxyphenyl)propanoic acid;quinate;0.03209815782743658;-0.117376404509651
3-(2-hydroxyphenyl)propanoic acid;sucrose;0.3021674753683128;-0.2684637655682566
3-(2-hydroxyphenyl)propanoic acid;sulfate;-0.22704198449907767;-0.24663480514034816
3-(2-hydroxyphenyl)propanoic acid;taurine;-0.12719919963315232;0.02791769574318105
3-(2-hydroxyphenyl)propanoic acid;uric acid;-0.09845858268468527;-0.42389955950768204
4-acetamidobutanoate;2-oxoarginine;0.7403792534218743;-0.02454085115803033
4-acetamidobutanoate;acetylphosphate;0.4726024672368959;-0.1197749390808354
4-acetamidobutanoate;adenine;-0.20550360767821776;0.3516695286347653
4-acetamidobutanoate;alpha-d-glucose;0.08174987240290447;0.34890058638710597
4-acetamidobutanoate;d-galactose;0.3640430461301715;0.6297521747361441
4-acetamidobutanoate;d-mannose;0.39499407260495556;
4-acetamidobutanoate;deoxyinosine;0.05203010803548699;-0.4571897943779177
4-acetamidobutanoate;guanine;0.11000407898602782;0.22973194740944483
4-acetamidobutanoate;hypoxanthine;0.01976965668554632;-0.08611214277251707
4-acetamidobutanoate;inosine;0.20394370134089684;-0.2766988779763645
4-acetamidobutanoate;l-glutamic gamma-semialdehyde;-0.03477298824703995;0.5121781973680921
4-acetamidobutanoate;sucrose;-0.2971922832506251;-0.06023060000969727
4-acetamidobutanoate;sulfate;0.2738796307708299;-0.1662230383573526
4-acetamidobutanoate;taurine;-0.0038824243009784407;0.7149773210064938
4-acetamidobutanoate;uric acid;0.24583189186468676;0.27493893366188765
adenine;acetylphosphate;-0.22876207246954358;-0.316245242588517
adenine;alpha-d-glucose;0.28935866411173927;0.48969113625917926
adenine;d-galactose;0.022576085302770887;0.5177121279695637
adenine;d-mannose;-0.03526369112758028;
adenine;deoxyinosine;0.002557143860435483;-0.054142535106512756
adenine;guanine;-0.05835329109885713;-0.006242540287601512
adenine;hypoxanthine;-0.23625731492870006;-0.20485958389043507
adenine;inosine;-0.09213582955947805;-0.14512857706395343
adenine;sucrose;0.22096205277509223;0.4365605178300684
adenine;sulfate;-0.2873517712764672;-0.04921421255097392
adenine;taurine;0.2435814851182066;0.563126286966799
alpha-d-glucose;acetylphosphate;-0.3299244186583288;-0.10666693818686927
alpha-d-glucose;sucrose;-0.122622595593342;0.6579215595946815
alpha-d-glucose;taurine;-0.08732922965246388;0.5455307911231986
choline;2-oxoarginine;0.42864518214308867;-0.18055665397473794
choline;4-acetamidobutanoate;0.4572808482209841;-0.030703484305039403
choline;acetylphosphate;0.12771571908291965;-0.07178386165744605
choline;adenine;0.09088566583041231;0.22777083139924528
choline;alpha-d-glucose;0.013167590063770078;0.11237046648963027
choline;d-galactose;0.1886311081522275;0.03404324721485763
choline;d-mannose;0.1370346555865947;
choline;deoxyinosine;-0.34086430437987575;0.44965728260920185
choline;guanine;-0.1377946412363402;-0.22821538088957286
choline;hypoxanthine;-0.17344414776829079;0.15899753367277444
choline;inosine;0.18821599620889962;-0.19280959517570112
choline;l-glutamic gamma-semialdehyde;-0.389044358285183;0.01613634441309108
choline;sucrose;-0.3615007449769431;0.33011231560063237
choline;sulfate;0.3141042842782568;-0.16023320818969045
choline;taurine;-0.17233209018386028;0.04857087175766103
choline;uric acid;-0.07365393714678713;0.1823569680366449
citrulline;2-isopropylmalic acid;0.10971640638086373;0.668094212188953
citrulline;2-ketobutyric acid;-0.06552677234097501;0.6364131633712964
citrulline;2-oxoarginine;0.28361950208206876;0.015635080623454194
citrulline;3-(2-hydroxyphenyl)propanoic acid;-0.03211173007450788;-0.003459236481031934
citrulline;4-acetamidobutanoate;0.22134295333414272;0.695537148318473
citrulline;acetylphosphate;0.4825996094326359;-0.18806529312875694
citrulline;adenine;0.1680988174995639;0.1903621729951592
citrulline;alpha-d-glucose;-0.29876668253762045;0.3653626689923674
citrulline;choline;0.02155400523694004;-0.09923428605932644
citrulline;d-galactose;0.04168166443592448;0.3769180458778893
citrulline;d-mannose;0.05373377572052087;
citrulline;deoxyinosine;-0.1552217882937438;-0.39965482039920247
citrulline;gamma-glutamylcysteine;-0.24499451802484015;0.7295997240545059
citrulline;glyceric acid;0.22740220951915094;0.4124179371615968
citrulline;guanine;0.19461646733965515;0.4616828157552527
citrulline;hypoxanthine;-0.1921939588463066;-0.11684205487886923
citrulline;inosine;-0.1965781352509124;-0.27388884314790457
citrulline;l-2,4-diaminobutyric acid;0.06838275703706671;0.06031070430482549
citrulline;l-arginine;0.1375231455930137;-0.4537747207773821
citrulline;l-aspartic acid;-0.05440347724827786;-0.4699274659065593
citrulline;l-cysteine;0.10383524863269002;-0.28979085627892753
citrulline;l-glutamic gamma-semialdehyde;0.355546837918103;0.2463856396134356
citrulline;l-phenylalanine;-0.12635529072012383;0.1448593814140173
citrulline;l-threonine;0.011483204389316633;-0.559830419542365
citrulline;l-tyrosine;0.494887117722216;0.4825218824997653
citrulline;l-valine;0.3201824551074862;0.6237586313390651
citrulline;n-acetyl-l-glutamate 5-semialdehyde;0.21090278590950537;-0.6371313448920792
citrulline;n-acetylglutamic acid;0.15090240319861511;0.37012324767853144
citrulline;ornithine;0.6968033895774524;0.38280308407821795
citrulline;phenylacetic acid;-0.1629277726810285;0.11132291150128563
citrulline;phenylacetylglutamine;-0.2653503996756103;0.046868698775311496
citrulline;putrescine;0.1398945212114675;0.5570065661144935
citrulline;pyroglutamic acid;0.4677871241315951;0.6755928492367512
citrulline;quinate;0.2510296066720394;0.4713736620696893
citrulline;succinic acid;-0.007037576264736657;0.5116810779178916
citrulline;sucrose;0.05823152921494146;0.02484870827213908
citrulline;sulfate;0.3279685068376849;-0.03128220958268709
citrulline;taurine;0.24483582355189817;0.6642949990292578
citrulline;uric acid;0.14476864129867476;0.2262556097963451
d-galactose;acetylphosphate;-0.24528412422769633;-0.34600573872833484
d-galactose;alpha-d-glucose;0.5360140371798598;0.029571268796658844
d-galactose;sucrose;0.04071785846574037;-0.18464864959246488
d-galactose;taurine;-0.07475696345326557;0.4953749324211769
d-mannose;acetylphosphate;-0.14710124111359985;
d-mannose;alpha-d-glucose;0.5407777969002706;
d-mannose;d-galactose;0.9362536629356587;
d-mannose;sucrose;0.04146551518209171;
d-mannose;taurine;-0.09560114613354771;
deoxyinosine;acetylphosphate;-0.1724737856144566;-0.153755080766127
deoxyinosine;alpha-d-glucose;0.4009888826475045;-0.20326965469604366
deoxyinosine;d-galactose;0.025935854842613106;-0.27374906609172256
deoxyinosine;d-mannose;0.11070205830784466;
deoxyinosine;guanine;0.05988505689688605;-0.0191266829720042
deoxyinosine;hypoxanthine;0.3892779784297498;0.254595336293513
deoxyinosine;inosine;-0.06732914211620362;0.5091331127054826
deoxyinosine;sucrose;-0.09627696967833206;0.2722312443726831
deoxyinosine;sulfate;-0.09248609746364503;0.06916550604675228
deoxyinosine;taurine;0.16445262714119602;-0.37648221900710915
gamma-glutamylcysteine;2-oxoarginine;-0.048859184994186906;-0.17789071389761882
gamma-glutamylcysteine;4-acetamidobutanoate;-0.009721416562531665;0.6769746843283464
gamma-glutamylcysteine;acetylphosphate;-0.12640343552584976;-0.16918713358224555
gamma-glutamylcysteine;adenine;0.12064649136954317;0.3007290915531082
gamma-glutamylcysteine;alpha-d-glucose;0.057041643173458056;0.31681390958530936
gamma-glutamylcysteine;choline;0.0252798624625103;-0.08719167916837729
gamma-glutamylcysteine;d-galactose;0.029952356799071555;0.31181827068839196
gamma-glutamylcysteine;d-mannose;0.08384450268718492;
gamma-glutamylcysteine;deoxyinosine;0.09616246756872537;-0.3775382133568936
gamma-glutamylcysteine;glyceric acid;0.25731936331540955;0.47319264263935756
gamma-glutamylcysteine;guanine;-0.21354647145499164;0.28142279150495886
gamma-glutamylcysteine;hypoxanthine;-0.37576486709586554;-0.34518270600922335
gamma-glutamylcysteine;inosine;-0.03377317804899657;-0.47287762146261564
gamma-glutamylcysteine;l-2,4-diaminobutyric acid;-0.310080761362134;0.0026444382004848655
gamma-glutamylcysteine;l-cysteine;-0.4052054815354614;0.010934589191165852
gamma-glutamylcysteine;l-glutamic gamma-semialdehyde;0.1796204724898524;0.08694172493802695
gamma-glutamylcysteine;pyroglutamic acid;-0.09201360053389208;0.5870262221239109
gamma-glutamylcysteine;quinate;-0.046127625133596036;0.4519686407571955
gamma-glutamylcysteine;sucrose;0.3116406677611672;0.120581700040488
gamma-glutamylcysteine;sulfate;-0.32131277530894237;-0.33519066832710664
gamma-glutamylcysteine;taurine;-0.4714827469793037;0.7337475659263909
gamma-glutamylcysteine;uric acid;-0.04849423598734759;0.5256814517731301
glyceric acid;2-oxoarginine;0.06327570545078003;0.08585035639360357
glyceric acid;4-acetamidobutanoate;0.2366932405144929;0.667604499884734
glyceric acid;acetylphosphate;0.06575055522595495;0.09863592805289598
glyceric acid;adenine;0.07833187959681591;0.1654625708734543
glyceric acid;alpha-d-glucose;0.08795490256737129;0.33569972947851084
glyceric acid;choline;-0.1975209642114491;-0.24462403062923524
glyceric acid;d-galactose;0.380937405046033;0.4751567552282371
glyceric acid;d-mannose;0.4151398020738264;
glyceric acid;deoxyinosine;0.08514289239661861;-0.5771048747551913
glyceric acid;guanine;-0.09438390740028525;-0.11144624191994854
glyceric acid;hypoxanthine;-0.004626806147173534;-0.260494979268188
glyceric acid;inosine;0.25943933043977774;-0.3705850635663815
glyceric acid;l-glutamic gamma-semialdehyde;0.4933067250338357;0.4842165123283302
glyceric acid;sucrose;-0.06957304384582925;-0.27671216307013663
glyceric acid;sulfate;0.04460136374649262;-0.1361410897623064
glyceric acid;taurine;0.09456953993094454;0.5788204941555911
glyceric acid;uric acid;0.187478706529037;0.2992857206973855
guanine;acetylphosphate;0.18878479263281894;-0.04516675768910039
guanine;alpha-d-glucose;0.0969742458112381;0.223681638383521
guanine;d-galactose;0.07782230168213819;-0.025890143168291198
guanine;d-mannose;-0.07859456222567489;
guanine;hypoxanthine;-0.09582239240415238;0.21642578092356068
guanine;inosine;0.02788827071191398;0.2986555502678315
guanine;sucrose;0.2914331366044244;0.07445672025849251
guanine;sulfate;-0.03312672729310498;-0.1838564271599147
guanine;taurine;-0.13923659865045018;0.38717084067345947
hypoxanthine;acetylphosphate;-0.2779228776114517;0.19282612449155856
hypoxanthine;alpha-d-glucose;0.1159055644118876;-0.2620476837364643
hypoxanthine;d-galactose;0.2372667705486726;-0.17777225255555829
hypoxanthine;d-mannose;0.19616435744935692;
hypoxanthine;inosine;0.2678642941239284;0.6886812760097024
hypoxanthine;sucrose;-0.114166688935007;-0.08246405150304509
hypoxanthine;taurine;0.5456310364471061;-0.10159060370189574
inosine;acetylphosphate;-0.2587647019645265;0.07542459304041221
inosine;alpha-d-glucose;0.524351767721616;-0.313672575694958
inosine;d-galactose;0.830521909261401;-0.1837255077720623
inosine;d-mannose;0.8249100818685047;
inosine;sucrose;0.13518998326115073;-0.100247064662573
inosine;taurine;-0.08551593815891659;-0.24647145453049651
l-2,4-diaminobutyric acid;2-oxoarginine;-0.37036177166201556;0.2650286307698683
l-2,4-diaminobutyric acid;4-acetamidobutanoate;-0.27374070695236535;0.17315054713180164
l-2,4-diaminobutyric acid;acetylphosphate;-0.08679755458318804;-0.12251593905225315
l-2,4-diaminobutyric acid;adenine;-0.2191890763674003;-0.016147043290460007
l-2,4-diaminobutyric acid;alpha-d-glucose;-0.20734660693464513;0.12367055583094547
l-2,4-diaminobutyric acid;choline;-0.5467637034012462;-0.2654830343896446
l-2,4-diaminobutyric acid;d-galactose;-0.23688814936255517;0.02803180357632275
l-2,4-diaminobutyric acid;d-mannose;-0.3168644351552696;
l-2,4-diaminobutyric acid;deoxyinosine;0.3273623850321515;-0.2675636822408293
l-2,4-diaminobutyric acid;glyceric acid;0.09568203815570481;0.1677802282637004
l-2,4-diaminobutyric acid;guanine;0.41661916651395003;0.04800577315598127
l-2,4-diaminobutyric acid;hypoxanthine;0.42220507534825824;0.3451902797221237
l-2,4-diaminobutyric acid;inosine;-0.21220561021567147;0.33191964705802474
l-2,4-diaminobutyric acid;l-glutamic gamma-semialdehyde;0.19494444364298932;0.236024817069019
l-2,4-diaminobutyric acid;sucrose;0.04348865489879671;-0.0518995956813497
l-2,4-diaminobutyric acid;sulfate;-0.1567145036907987;0.24194177846218795
l-2,4-diaminobutyric acid;taurine;0.3182049571223739;0.12385331433721462
l-2,4-diaminobutyric acid;uric acid;-0.08953759792394934;-0.1882830394238262
l-arginine;2-isopropylmalic acid;0.11871766293778564;-0.46859422969714054
l-arginine;2-ketobutyric acid;-0.05283087045755494;-0.7006429369587187
l-arginine;2-oxoarginine;0.6646241535576526;0.17532661469877445
l-arginine;3-(2-hydroxyphenyl)propanoic acid;-0.3858073612123534;0.5060497498981439
l-arginine;4-acetamidobutanoate;0.5784149627316408;-0.46204401653304467
l-arginine;acetylphosphate;0.4023025619006597;-0.06541513837661803
l-arginine;adenine;0.07028053842816666;-0.19076973884107232
l-arginine;alpha-d-glucose;-0.17848198235941795;-0.2395997761195251
l-arginine;choline;0.8792444807597803;-0.15433533228891838
l-arginine;d-galactose;-0.09205648464274661;-0.21619114712258225
l-arginine;d-mannose;-0.06698290200093679;
l-arginine;deoxyinosine;-0.22438644152399032;0.32315380362630775
l-arginine;gamma-glutamylcysteine;-0.02398488598328463;-0.6919931473026111
l-arginine;glyceric acid;-0.15814222933161395;-0.3659566491261852
l-arginine;guanine;-0.08201488296121749;0.01821171334969705
l-arginine;hypoxanthine;-0.2309709322781175;0.3445979887456106
l-arginine;inosine;-0.1252026887555574;0.6999912460132098
l-arginine;l-2,4-diaminobutyric acid;-0.4460929358312197;0.36171051635900436
l-arginine;l-cysteine;0.20405295029174528;-0.14136818976879806
l-arginine;l-glutamic gamma-semialdehyde;-0.2972722294154657;0.03135920834954837
l-arginine;l-phenylalanine;-0.26351841873049936;0.2830111181251819
l-arginine;l-threonine;-0.08756648721059819;0.6551697526265832
l-arginine;l-tyrosine;0.016653521890207704;-0.49076811586776814
l-arginine;l-valine;0.6867305903046509;-0.2538971181773334
l-arginine;phenylacetic acid;-0.07643923262420448;0.045769463732008735
l-arginine;phenylacetylglutamine;0.041804619822098904;-0.21442731515456992
l-arginine;putrescine;0.020742498281055368;-0.5153290244435339
l-arginine;pyroglutamic acid;-0.3811796291389701;-0.3751625168208058
l-arginine;quinate;0.30113574660514614;-0.2998625269580812
l-arginine;succinic acid;-0.12135563718354468;-0.38304181955642574
l-arginine;sucrose;-0.37625250233326096;-0.0937924327827877
l-arginine;sulfate;0.22286143358471613;0.2871107602348724
l-arginine;taurine;-0.08090947460147455;-0.4639273498541646
l-arginine;uric acid;-0.16969455155239804;-0.6381178214729265
l-aspartic acid;2-isopropylmalic acid;0.4023169974107429;-0.5440320252888953
l-aspartic acid;2-ketobutyric acid;-0.001318370320692859;-0.6782107158392586
l-aspartic acid;2-oxoarginine;0.677187272044122;0.09461521192746294
l-aspartic acid;3-(2-hydroxyphenyl)propanoic acid;-0.354596794707517;-0.009898561073284557
l-aspartic acid;4-acetamidobutanoate;0.35337590035635436;-0.5276479135648757
l-aspartic acid;acetylphosphate;0.3764617424261456;-0.13274055293280113
l-aspartic acid;adenine;-0.24049664521220113;-0.4189621540535904
l-aspartic acid;alpha-d-glucose;-0.2776503707895152;-0.24244625859068017
l-aspartic acid;choline;0.19623189918112685;0.16177398212762137
l-aspartic acid;d-galactose;-0.019118140427877777;-0.1827239267021129
l-aspartic acid;d-mannose;-0.034069922239374606;
l-aspartic acid;deoxyinosine;-0.07817204239293482;0.5178761427410529
l-aspartic acid;gamma-glutamylcysteine;-0.12517681795967198;-0.47584613111864743
l-aspartic acid;glyceric acid;-0.24972693892532405;-0.19643777046030556
l-aspartic acid;guanine;0.09810135581981726;-0.1429432121779731
l-aspartic acid;hypoxanthine;0.1424990982410859;0.14292926865225283
l-aspartic acid;inosine;-0.1758102360771046;0.2427072511079569
l-aspartic acid;l-2,4-diaminobutyric acid;-0.14020623877600943;0.08277143781848247
l-aspartic acid;l-arginine;0.3679209778943936;0.28008076952293104
l-aspartic acid;l-cysteine;0.4021929273720653;0.1626539016234937
l-aspartic acid;l-glutamic gamma-semialdehyde;-0.5536086081637034;-0.06580952697358353
l-aspartic acid;l-phenylalanine;-0.2471495423687163;-0.05352729029273084
l-aspartic acid;l-threonine;-0.13439848614628244;0.34191545920976774
l-aspartic acid;l-tyrosine;-0.12972872994167695;-0.12785737901559144
l-aspartic acid;l-valine;0.533293730752484;-0.28270064501479697
l-aspartic acid;n-acetyl-l-glutamate 5-semialdehyde;0.20434174794322496;0.5047463646658964
l-aspartic acid;phenylacetic acid;-0.19522669529036737;-0.007430855834128159
l-aspartic acid;phenylacetylglutamine;-0.13187403056226474;-0.20244255242628217
l-aspartic acid;putrescine;0.1450270456700736;-0.5865092369731093
l-aspartic acid;pyroglutamic acid;-0.4083561425756885;-0.3440216762583277
l-aspartic acid;quinate;-0.13202219875784219;-0.417790569347045
l-aspartic acid;succinic acid;-0.1091825746179589;-0.40897046133655446
l-aspartic acid;sucrose;-0.05396940815806572;-0.09362162809601747
l-aspartic acid;sulfate;0.022449544420231095;0.13227467239463658
l-aspartic acid;taurine;-0.07881409177632656;-0.4347394695343274
l-aspartic acid;uric acid;-0.13639344782422705;-0.29471167696318035
l-cysteine;2-oxoarginine;0.15408452780672893;-0.7007492657406681
l-cysteine;4-acetamidobutanoate;0.1648917293355867;-0.28991399155950803
l-cysteine;acetylphosphate;-0.14188630481375963;0.06506139256476721
l-cysteine;adenine;-0.18032522896955172;-0.16553800980187255
l-cysteine;alpha-d-glucose;0.0017592673101166825;-0.1383362143602845
l-cysteine;choline;0.2739403261965711;-0.0679103072837917
l-cysteine;d-galactose;0.3426734909498802;-0.13669716395196474
l-cysteine;d-mannose;0.3139128956095201;
l-cysteine;deoxyinosine;-0.07865418299982793;0.08998999787031103
l-cysteine;glyceric acid;-0.41014427617196764;-0.19143497721742378
l-cysteine;guanine;0.03847275596115336;-0.3098545649091519
l-cysteine;hypoxanthine;0.23189306075957963;-0.12054634184859092
l-cysteine;inosine;0.13370412665003995;-0.16575622772127693
l-cysteine;l-2,4-diaminobutyric acid;-0.26325326259341053;-0.20325152260636947
l-cysteine;l-glutamic gamma-semialdehyde;-0.6515150523590598;-0.22730540446547484
l-cysteine;quinate;-0.2046742602264246;-0.2919337805693505
l-cysteine;sucrose;-0.16806493269887823;0.3723336109887356
l-cysteine;sulfate;0.5107414126396862;-0.09170198950997686
l-cysteine;taurine;0.010746074501664269;-0.12499013593579164
l-cysteine;uric acid;0.2719334822752127;0.183518473237105
l-glutamic gamma-semialdehyde;acetylphosphate;0.32043051772536557;0.24241487571749168
l-glutamic gamma-semialdehyde;adenine;-0.02264694089358946;-0.11512028633584379
l-glutamic gamma-semialdehyde;alpha-d-glucose;-0.1221677402571821;-0.07322090003486602
l-glutamic gamma-semialdehyde;d-galactose;-0.23602029366975746;0.33646075188641783
l-glutamic gamma-semialdehyde;d-mannose;-0.15035075544720608;
l-glutamic gamma-semialdehyde;deoxyinosine;0.09780166350081816;-0.244242142704849
l-glutamic gamma-semialdehyde;guanine;-0.18511021937835312;0.1932401275894553
l-glutamic gamma-semialdehyde;hypoxanthine;-0.20138006250938173;0.5188005050202323
l-glutamic gamma-semialdehyde;inosine;-0.21520400504837553;0.17403606577631392
l-glutamic gamma-semialdehyde;sucrose;-0.006784579287764504;-0.3492393128796788
l-glutamic gamma-semialdehyde;sulfate;-0.21054844875001388;-0.05205516149361412
l-glutamic gamma-semialdehyde;taurine;0.20299347271924528;0.3116715057897811
l-glutamic gamma-semialdehyde;uric acid;0.20061685664377335;-0.31544441809166107
l-phenylalanine;2-oxoarginine;-0.22008873922190028;0.2704393748853123
l-phenylalanine;4-acetamidobutanoate;0.03595733969007413;0.28542654347119845
l-phenylalanine;acetylphosphate;-0.15034954045414986;-0.0722636521336704
l-phenylalanine;adenine;-0.3115685356741883;-0.036783517257763375
l-phenylalanine;alpha-d-glucose;-0.20822182933083905;0.0982858709798985
l-phenylalanine;choline;-0.30545801879659373;-0.27786926867248374
l-phenylalanine;d-galactose;-0.2485704979315014;0.04840007028573144
l-phenylalanine;d-mannose;-0.19682072078952023;
l-phenylalanine;deoxyinosine;0.1932338450759162;-0.39638518342860724
l-phenylalanine;gamma-glutamylcysteine;-0.04606470741283523;0.08033591663158036
l-phenylalanine;glyceric acid;0.18809352887874803;0.21091977164561898
l-phenylalanine;guanine;-0.4546860540269851;0.11419633167342153
l-phenylalanine;hypoxanthine;0.4154839311258605;0.368069179148849
l-phenylalanine;inosine;-0.14544232424862816;0.2675808430927332
l-phenylalanine;l-2,4-diaminobutyric acid;0.36514617995368454;0.9745089225129921
l-phenylalanine;l-cysteine;-0.3220225767417257;-0.26983393628838126
l-phenylalanine;l-glutamic gamma-semialdehyde;0.49543353990348865;0.3221771965039734
l-phenylalanine;phenylacetic acid;0.8687359995049292;0.45268174330513533
l-phenylalanine;putrescine;-0.1977226098303941;0.19558180728164604
l-phenylalanine;pyroglutamic acid;0.17182794760015996;0.18225994130640186
l-phenylalanine;quinate;0.37605189936893857;0.37521599848863585
l-phenylalanine;sucrose;-0.29198532533254434;-0.131036916700778
l-phenylalanine;sulfate;-0.16418511226511015;0.1811856278938304
l-phenylalanine;taurine;0.4505389565868613;0.1773457835123505
l-phenylalanine;uric acid;0.4936752770094039;-0.21506800145166882
l-threonine;2-isopropylmalic acid;-0.003117463303579181;-0.5743521918845799
l-threonine;2-oxoarginine;-0.06478604431173304;0.302470580288688
l-threonine;3-(2-hydroxyphenyl)propanoic acid;0.12682677442052878;0.5276778392165753
l-threonine;4-acetamidobutanoate;0.04930099065060646;-0.606349713603264
l-threonine;acetylphosphate;-0.08164152948119413;0.10322083233622018
l-threonine;adenine;-0.16120909717817083;-0.22202098549518198
l-threonine;alpha-d-glucose;-0.29370996354806744;-0.23278392346012614
l-threonine;choline;-0.13096496820806722;-0.25964854670483384
l-threonine;d-galactose;-0.26596365106924647;-0.27605384823368556
l-threonine;d-mannose;-0.1762909443742484;
l-threonine;deoxyinosine;-0.028586204666629464;0.08218116080650772
l-threonine;gamma-glutamylcysteine;0.04275390624511268;-0.63307862454683
l-threonine;glyceric acid;0.11904566371904433;-0.4320711996992868
l-threonine;guanine;-0.6934986100834362;0.18354185750343616
l-threonine;hypoxanthine;0.18060443720874933;0.11333922553458532
l-threonine;inosine;-0.2562482278699216;0.38011084650873084
l-threonine;l-2,4-diaminobutyric acid;0.04816830608981007;0.08335317493553465
l-threonine;l-cysteine;-0.22420921076248024;0.07668482410837953
l-threonine;l-glutamic gamma-semialdehyde;0.4608213447674434;-0.20809182798190487
l-threonine;l-phenylalanine;0.8801191716659281;0.04743249376212277
l-threonine;l-tyrosine;0.4689808110195467;-0.4539847020288135
l-threonine;phenylacetic acid;0.9133889350935442;-0.12148856860873901
l-threonine;phenylacetylglutamine;-0.22058306509122844;-0.14653018487125744
l-threonine;putrescine;-0.30416620553624657;-0.623762700880112
l-threonine;pyroglutamic acid;0.07156351662373804;-0.5293845279287787
l-threonine;quinate;0.2730501664201959;-0.4836124725917593
l-threonine;succinic acid;0.0332424817437476;-0.5570514458252538
l-threonine;sucrose;-0.30047023620998164;-0.05707287282708654
l-threonine;sulfate;-0.1563387325944223;0.014627764312684843
l-threonine;taurine;0.3608018266626081;-0.406508302639542
l-threonine;uric acid;0.5566299942719715;-0.4452484646734147
l-tyrosine;2-oxoarginine;0.0038036791019904837;-0.2317293572270336
l-tyrosine;3-(2-hydroxyphenyl)propanoic acid;0.13437389668605462;-0.2102676101974551
l-tyrosine;4-acetamidobutanoate;0.14799581242323426;0.5840599671966722
l-tyrosine;acetylphosphate;0.016790895917938625;-0.23377451837706612
l-tyrosine;adenine;0.2361014731533438;0.5132879245039033
l-tyrosine;alpha-d-glucose;-0.1256449782721944;0.4093287113425148
l-tyrosine;choline;-0.06575195156062266;0.05754528715778044
l-tyrosine;d-galactose;0.10247258594141474;0.5402157791723379
l-tyrosine;d-mannose;0.14300228457783618;
l-tyrosine;deoxyinosine;0.2091654375917261;-0.09444587666466736
l-tyrosine;gamma-glutamylcysteine;-0.0946998923606058;0.6820073204718431
l-tyrosine;glyceric acid;0.31590780287978326;0.5086977050322813
l-tyrosine;guanine;-0.24515148365738174;0.22238480988146286
l-tyrosine;hypoxanthine;0.3857451936013996;-0.32726113085346853
l-tyrosine;inosine;-0.07860861264980368;-0.3033474745689126
l-tyrosine;l-2,4-diaminobutyric acid;0.2851217169602272;-0.06317325025690188
l-tyrosine;l-cysteine;-0.11547469958114479;-0.02277806478942719
l-tyrosine;l-glutamic gamma-semialdehyde;0.3596829200200897;0.06883044015214299
l-tyrosine;l-phenylalanine;0.39687115478343815;-0.05744807017470961
l-tyrosine;phenylacetic acid;0.29351250471972745;-0.22882260812880142
l-tyrosine;phenylacetylglutamine;-0.18233809454503824;0.15297163566489178
l-tyrosine;putrescine;0.06078389727068432;0.500439811171172
l-tyrosine;pyroglutamic acid;0.5583236991837481;0.5121350081774259
l-tyrosine;quinate;0.3491302006158239;0.3970924257116228
l-tyrosine;succinic acid;0.27749957511050644;0.4934864290321711
l-tyrosine;sucrose;0.0613218233313018;0.22614713933198904
l-tyrosine;sulfate;0.12852949413729844;-0.12886354202219544
l-tyrosine;taurine;0.671565018833395;0.7686971532404321
l-tyrosine;uric acid;0.18554320656402626;0.4806423494318597
l-valine;2-isopropylmalic acid;0.2394234907770233;0.6178662550703028
l-valine;2-oxoarginine;0.8457712878468671;0.5906773652178404
l-valine;3-(2-hydroxyphenyl)propanoic acid;-0.476927345401293;0.3727426022904381
l-valine;4-acetamidobutanoate;0.7774308420720126;0.6285602650823394
l-valine;acetylphosphate;0.6197544080244985;-0.11015347985028956
l-valine;adenine;0.038223967071501115;0.14029589406396614
l-valine;alpha-d-glucose;0.1577299737372113;0.2384149040969926
l-valine;choline;0.5579766594770166;-0.23839562697518604
l-valine;d-galactose;0.26166436447466207;0.28526787721844377
l-valine;d-mannose;0.263968459602102;
l-valine;deoxyinosine;0.026421418532182668;-0.3328366479437656
l-valine;gamma-glutamylcysteine;-0.10706963294033184;0.41807560901023116
l-valine;glyceric acid;0.09210886060729727;0.5143166377909717
l-valine;guanine;0.16390961099907417;0.385185037372936
l-valine;hypoxanthine;-0.11794459398376878;0.24268635478716377
l-valine;inosine;0.0457049909094612;0.0754618408141458
l-valine;l-2,4-diaminobutyric acid;-0.39924643004394667;0.30130262058616986
l-valine;l-cysteine;0.19478852014526202;-0.5023685084430167
l-valine;l-glutamic gamma-semialdehyde;-0.14196710496736484;0.45751364541131534
l-valine;l-phenylalanine;-0.3632949445619062;0.36723183301805384
l-valine;l-threonine;-0.23709789224013583;-0.3403684403306781
l-valine;l-tyrosine;0.07281761077863888;0.17006579238899633
l-valine;phenylacetic acid;-0.20127925020738147;0.23420983934124337
l-valine;phenylacetylglutamine;-0.09594820378865083;-0.009405159753579716
l-valine;putrescine;0.29701376175069855;0.5180230978572706
l-valine;pyroglutamic acid;-0.07144094591915366;0.5786850565515141
l-valine;quinate;0.4715633874163347;0.5410161508715389
l-valine;succinic acid;-0.030661221187751605;0.46405851040664287
l-valine;sucrose;-0.31422326101806924;-0.24068441507589836
l-valine;sulfate;0.18660197439195733;-0.15554394661603857
l-valine;taurine;-0.03913519697241269;0.45272927848770733
l-valine;uric acid;-0.057374616375642735;0.18393901336255633
n-acetyl-l-glutamate 5-semialdehyde;2-isopropylmalic acid;0.41056634155185284;-0.561380409445074
n-acetyl-l-glutamate 5-semialdehyde;2-ketobutyric acid;-0.38524004448422816;-0.8059433838835632
n-acetyl-l-glutamate 5-semialdehyde;2-oxoarginine;0.29994079618260333;0.22763850294081894
n-acetyl-l-glutamate 5-semialdehyde;3-(2-hydroxyphenyl)propanoic acid;-0.17778169631208995;0.4046150024377007
n-acetyl-l-glutamate 5-semialdehyde;4-acetamidobutanoate;0.3376689541972855;-0.5933090920871927
n-acetyl-l-glutamate 5-semialdehyde;acetylphosphate;0.1504284172862132;-0.19411708954520873
n-acetyl-l-glutamate 5-semialdehyde;adenine;-0.09272057850514204;-0.26223874752338033
n-acetyl-l-glutamate 5-semialdehyde;alpha-d-glucose;-0.26684381975923765;-0.3808892873029368
n-acetyl-l-glutamate 5-semialdehyde;choline;0.12797513810745004;-0.13742355768950523
n-acetyl-l-glutamate 5-semialdehyde;d-galactose;-0.35785063699079717;-0.3135492988889994
n-acetyl-l-glutamate 5-semialdehyde;d-mannose;-0.3497587588229476;
n-acetyl-l-glutamate 5-semialdehyde;deoxyinosine;0.16125771344599868;0.4284483482650738
n-acetyl-l-glutamate 5-semialdehyde;gamma-glutamylcysteine;-0.4046113490879044;-0.6484468387692851
n-acetyl-l-glutamate 5-semialdehyde;glyceric acid;-0.1521328980810933;-0.538557749233028
n-acetyl-l-glutamate 5-semialdehyde;guanine;-0.16315432226121246;0.008043551409304328
n-acetyl-l-glutamate 5-semialdehyde;hypoxanthine;0.28125640444578454;0.35391443473478784
n-acetyl-l-glutamate 5-semialdehyde;inosine;-0.4462484834491103;0.672863062590413
n-acetyl-l-glutamate 5-semialdehyde;l-2,4-diaminobutyric acid;0.20450916351112886;0.2824417901312235
n-acetyl-l-glutamate 5-semialdehyde;l-arginine;0.3243013031599597;0.6714289345938868
n-acetyl-l-glutamate 5-semialdehyde;l-cysteine;0.148536358555856;0.08008077278338922
n-acetyl-l-glutamate 5-semialdehyde;l-glutamic gamma-semialdehyde;0.09324152315745529;-0.21998275688407903
n-acetyl-l-glutamate 5-semialdehyde;l-phenylalanine;0.5814474590108453;0.19714056727510892
n-acetyl-l-glutamate 5-semialdehyde;l-threonine;0.569565660544772;0.6162231932744909
n-acetyl-l-glutamate 5-semialdehyde;l-tyrosine;0.383533323712637;-0.49707132378834534
n-acetyl-l-glutamate 5-semialdehyde;l-valine;0.20733970950468011;-0.31851589763983806
n-acetyl-l-glutamate 5-semialdehyde;phenylacetic acid;0.5049051858323287;0.08323144086134945
n-acetyl-l-glutamate 5-semialdehyde;phenylacetylglutamine;-0.24185853349513575;-0.21530641802028844
n-acetyl-l-glutamate 5-semialdehyde;putrescine;-0.0744809003247454;-0.5785949508272185
n-acetyl-l-glutamate 5-semialdehyde;pyroglutamic acid;-0.019502669994085835;-0.6226996618970825
n-acetyl-l-glutamate 5-semialdehyde;quinate;0.3583221534736452;-0.523725300277437
n-acetyl-l-glutamate 5-semialdehyde;succinic acid;0.2619516794180763;-0.6332247927675442
n-acetyl-l-glutamate 5-semialdehyde;sucrose;-0.5274779177987202;-0.15387644507062284
n-acetyl-l-glutamate 5-semialdehyde;sulfate;-0.12716604031088383;-0.0395637004964166
n-acetyl-l-glutamate 5-semialdehyde;taurine;0.5901864528101392;-0.5767505200058889
n-acetyl-l-glutamate 5-semialdehyde;uric acid;0.27545186851267345;-0.4366661505336182
n-acetylglutamic acid;2-isopropylmalic acid;0.7112923562709734;0.48542445658423766
n-acetylglutamic acid;2-ketobutyric acid;-0.09485624955867149;0.34410388190952446
n-acetylglutamic acid;2-oxoarginine;-0.31025305660531244;0.12018208910830533
n-acetylglutamic acid;3-(2-hydroxyphenyl)propanoic acid;-0.2318988060740352;0.2024635673903492
n-acetylglutamic acid;4-acetamidobutanoate;-0.2371044535033256;0.25776838426467275
n-acetylglutamic acid;acetylphosphate;-0.209313439635957;-0.2923643911016621
n-acetylglutamic acid;adenine;-0.04640504561513402;0.3030121252658099
n-acetylglutamic acid;alpha-d-glucose;-0.12738263542806713;0.28346081441336685
n-acetylglutamic acid;choline;-0.009089536427063623;-0.17072744693135047
n-acetylglutamic acid;d-galactose;-0.0395013210805032;0.020264257503738423
n-acetylglutamic acid;d-mannose;-0.12113587011769933;
n-acetylglutamic acid;deoxyinosine;0.2764050709355056;-0.007307012030454198
n-acetylglutamic acid;gamma-glutamylcysteine;-0.5779065248870701;0.35001480455713424
n-acetylglutamic acid;glyceric acid;-0.4225293506862541;0.2658607261575385
n-acetylglutamic acid;guanine;0.09103334061827208;0.015426888364866151
n-acetylglutamic acid;hypoxanthine;0.6151940448716727;-0.05849324743059974
n-acetylglutamic acid;inosine;-0.09654914879947997;0.04880136183783949
n-acetylglutamic acid;l-2,4-diaminobutyric acid;0.5102762003326473;0.06464773311204905
n-acetylglutamic acid;l-arginine;-0.05199827711391545;-0.10422829868759273
n-acetylglutamic acid;l-aspartic acid;0.028727428802035427;-0.25757086834677334
n-acetylglutamic acid;l-cysteine;0.431774096013108;-0.05951283287347635
n-acetylglutamic acid;l-glutamic gamma-semialdehyde;-0.26072806753808087;-0.20988532133536497
n-acetylglutamic acid;l-phenylalanine;0.08241865224336123;0.05555096917557899
n-acetylglutamic acid;l-threonine;-0.03022181805136887;-0.21686077803018275
n-acetylglutamic acid;l-tyrosine;0.37657934268977666;0.28497915937836954
n-acetylglutamic acid;l-valine;-0.1612559797329794;0.4460943265469589
n-acetylglutamic acid;n-acetyl-l-glutamate 5-semialdehyde;0.3154236500789322;-0.14515366198284138
n-acetylglutamic acid;phenylacetic acid;-0.20067927061165505;-0.11519383523112431
n-acetylglutamic acid;phenylacetylglutamine;0.114075412949339;-0.10886426260560693
n-acetylglutamic acid;putrescine;0.22458857035109106;0.28690934654435846
n-acetylglutamic acid;pyroglutamic acid;0.32526995402298786;-0.0028766975833455976
n-acetylglutamic acid;quinate;-0.1210814838668754;-0.006473911129574313
n-acetylglutamic acid;succinic acid;0.5210326374458032;0.26218624501331933
n-acetylglutamic acid;sucrose;-0.10729378766437676;0.1981447601719474
n-acetylglutamic acid;sulfate;0.33411329207716095;-0.09175847240963915
n-acetylglutamic acid;taurine;0.44253252165763424;0.2950706179358018
n-acetylglutamic acid;uric acid;-0.021183550169351986;0.3875937610774639
n-acetylornithine;2-isopropylmalic acid;;0.047485590880635364
n-acetylornithine;2-ketobutyric acid;;-0.23396224335832388
n-acetylornithine;2-oxoarginine;;0.11592708918341323
n-acetylornithine;3-(2-hydroxyphenyl)propanoic acid;;0.13844574777152713
n-acetylornithine;4-acetamidobutanoate;;0.08186194941592193
n-acetylornithine;acetylphosphate;;-0.1334488307247584
n-acetylornithine;adenine;;-0.04658774898308619
n-acetylornithine;alpha-d-glucose;;-0.16380729186109227
n-acetylornithine;choline;;0.3201214090372869
n-acetylornithine;citrulline;;-0.14657088015732128
n-acetylornithine;d-galactose;;0.20928305468112338
n-acetylornithine;deoxyinosine;;0.49125529239400306
n-acetylornithine;gamma-glutamylcysteine;;-0.13241437989834698
n-acetylornithine;glyceric acid;;-0.10887209364654392
n-acetylornithine;guanine;;0.2864663841679428
n-acetylornithine;hypoxanthine;;0.3973013605743039
n-acetylornithine;inosine;;0.336641093440212
n-acetylornithine;l-2,4-diaminobutyric acid;;-0.12084836865872337
n-acetylornithine;l-arginine;;0.07825565205714985
n-acetylornithine;l-aspartic acid;;0.3485837363320617
n-acetylornithine;l-cysteine;;-0.22980250266062668
n-acetylornithine;l-glutamic gamma-semialdehyde;;0.2703511978426431
n-acetylornithine;l-phenylalanine;;-0.12572945842633015
n-acetylornithine;l-threonine;;0.023622012648253
n-acetylornithine;l-tyrosine;;0.24784760768384415
n-acetylornithine;l-valine;;0.09056059685849743
n-acetylornithine;n-acetyl-l-glutamate 5-semialdehyde;;0.12577938082023568
n-acetylornithine;n-acetylglutamic acid;;-0.18725589945531074
n-acetylornithine;ornithine;;0.20789946375589916
n-acetylornithine;phenylacetic acid;;0.007613248830635493
n-acetylornithine;phenylacetylglutamine;;-0.375845293272878
n-acetylornithine;putrescine;;0.02577034647777866
n-acetylornithine;pyroglutamic acid;;0.1748858866218782
n-acetylornithine;quinate;;0.09424104031202865
n-acetylornithine;succinic acid;;0.08940741181832652
n-acetylornithine;sucrose;;-0.09617878427947771
n-acetylornithine;sulfate;;-0.14979166047102338
n-acetylornithine;taurine;;-0.014692983902549132
n-acetylornithine;uric acid;;-0.15287401231915929
ornithine;2-isopropylmalic acid;0.2162253540476156;0.34233510224884145
ornithine;2-ketobutyric acid;-0.027065584609841476;0.37782123007218354
ornithine;2-oxoarginine;-0.05932608643896679;-0.041506455083307726
ornithine;3-(2-hydroxyphenyl)propanoic acid;-0.029382769350899403;-0.1480756220927893
ornithine;4-acetamidobutanoate;-0.10325060314422434;0.6331807087054373
ornithine;acetylphosphate;0.1594093007581866;-0.34546006364604176
ornithine;adenine;0.09290623490400163;0.5161134547227908
ornithine;alpha-d-glucose;-0.29109926643406797;0.03151225650996409
ornithine;choline;-0.14014263882553205;0.031808637180471305
ornithine;d-galactose;0.034031051843918664;0.9999530212615102
ornithine;d-mannose;0.1068719287132504;
ornithine;deoxyinosine;0.103673857519997;-0.2753766687205292
ornithine;gamma-glutamylcysteine;0.027414976981493252;0.31631187000169286
ornithine;glyceric acid;0.07283712764712807;0.47834984308858525
ornithine;guanine;-0.06787033071662112;-0.02011426202993516
ornithine;hypoxanthine;-0.20729705846037028;-0.17828128998306544
ornithine;inosine;-0.25424152580930875;-0.18385638320404826
ornithine;l-2,4-diaminobutyric acid;0.07611930667964721;0.028273975888593088
ornithine;l-arginine;-0.08408197535286943;-0.21729008552230683
ornithine;l-aspartic acid;-0.1246915759010131;-0.183467482141395
ornithine;l-cysteine;0.18772290112654688;-0.13760488087404565
ornithine;l-glutamic gamma-semialdehyde;0.3281863604526214;0.34009793135388217
ornithine;l-phenylalanine;-0.10285130738854718;0.049118772172686266
ornithine;l-threonine;0.09075595093830244;-0.2777480607637937
ornithine;l-tyrosine;0.5110978695782024;0.5437317911541328
ornithine;l-valine;0.0030850135384076394;0.28804896259277635
ornithine;n-acetyl-l-glutamate 5-semialdehyde;0.014987645527129804;-0.31600211509057186
ornithine;n-acetylglutamic acid;0.301477063203687;0.021179478569608404
ornithine;phenylacetic acid;-0.13887007396697162;0.019442585427558393
ornithine;phenylacetylglutamine;-0.1807770062800172;0.18088927011386136
ornithine;putrescine;-0.11741893152709278;0.4768054282990408
ornithine;pyroglutamic acid;0.5049951473018127;0.6657278740295974
ornithine;quinate;-0.023242068613213377;0.727711073086373
ornithine;succinic acid;-0.1176347449613724;0.7214415424500552
ornithine;sucrose;0.1918953085761312;-0.18543525068769565
ornithine;sulfate;0.2030834736084408;-0.1147051476359728
ornithine;taurine;0.0964776306347038;0.5001788182329888
ornithine;uric acid;0.24891849788243497;0.37617928055947886
phenylacetic acid;2-oxoarginine;-0.07150247288449434;0.15326678120430648
phenylacetic acid;4-acetamidobutanoate;0.16046833077162057;0.13011919190558416
phenylacetic acid;acetylphosphate;-0.17197456571614955;0.08427316603501586
phenylacetic acid;adenine;-0.20142610416542608;-0.037420018133569974
phenylacetic acid;alpha-d-glucose;-0.12580462189469707;-0.10520262690485305
phenylacetic acid;choline;-0.07744594357801061;0.09596082586235292
phenylacetic acid;d-galactose;-0.14485910285610715;0.020089971134084693
phenylacetic acid;d-mannose;-0.06741326621460385;
phenylacetic acid;deoxyinosine;0.027441837169036074;-0.12443954494776385
phenylacetic acid;gamma-glutamylcysteine;0.11999187045248383;-0.1736177104843969
phenylacetic acid;glyceric acid;0.17591979512032496;-0.08433905548491656
phenylacetic acid;guanine;-0.6580456469941058;0.0403990843830738
phenylacetic acid;hypoxanthine;0.2061995895337429;0.6486007208198463
phenylacetic acid;inosine;-0.0783370384582928;0.2688157837926658
phenylacetic acid;l-2,4-diaminobutyric acid;-0.11551852171554164;0.384156547967843
phenylacetic acid;l-cysteine;-0.2030231035763435;-0.25135917005490555
phenylacetic acid;l-glutamic gamma-semialdehyde;0.41972520621960113;0.4696702424569049
phenylacetic acid;putrescine;-0.19680034956291584;0.1061031098197542
phenylacetic acid;pyroglutamic acid;-0.0902215941321886;0.16359916247101955
phenylacetic acid;quinate;0.306296487365899;0.25134081967771826
phenylacetic acid;sucrose;-0.2993424144050046;-0.09637265916167788
phenylacetic acid;sulfate;-0.10487417690568963;0.4388650211292571
phenylacetic acid;taurine;0.31907930941160884;-0.08119818478695273
phenylacetic acid;uric acid;0.6216461947926472;-0.28575534628448335
phenylacetylglutamine;2-oxoarginine;-0.2878915960535338;0.17592079077818956
phenylacetylglutamine;4-acetamidobutanoate;-0.130242462110484;-0.06214051579079502
phenylacetylglutamine;acetylphosphate;-0.2093506253650355;0.18293634395256364
phenylacetylglutamine;adenine;-0.10361245965320437;0.32980535546623085
phenylacetylglutamine;alpha-d-glucose;0.0881635628816315;0.04742047641808998
phenylacetylglutamine;choline;0.3271356139661974;-0.24290474403453807
phenylacetylglutamine;d-galactose;0.22134110873381654;0.18172106976662464
phenylacetylglutamine;d-mannose;0.048593536895655515;
phenylacetylglutamine;deoxyinosine;-0.2587996720461294;-0.3677246822982102
phenylacetylglutamine;gamma-glutamylcysteine;0.15959523475286178;0.06393621912535744
phenylacetylglutamine;glyceric acid;-0.0819198450686964;0.2875380188807901
phenylacetylglutamine;guanine;0.09569329590299183;-0.25976649675980107
phenylacetylglutamine;hypoxanthine;0.02301099910252426;-0.375558852794244
phenylacetylglutamine;inosine;0.2502519725841029;-0.25090892257569275
phenylacetylglutamine;l-2,4-diaminobutyric acid;0.08494025438442585;-0.02107970178992646
phenylacetylglutamine;l-cysteine;-0.03130691593106948;-0.21235848748770933
phenylacetylglutamine;l-glutamic gamma-semialdehyde;-0.1536115123721127;-0.20443727318037103
phenylacetylglutamine;l-phenylalanine;-0.13137415445132225;-0.04206087482221687
phenylacetylglutamine;phenylacetic acid;-0.23367669444605027;-0.09084577576248033
phenylacetylglutamine;putrescine;0.19060465263124063;-0.00917163576721004
phenylacetylglutamine;pyroglutamic acid;0.06500307359934641;-0.05436059041066441
phenylacetylglutamine;quinate;-0.028771927540164298;0.05238083153603604
phenylacetylglutamine;sucrose;-0.05852067236547756;-0.2456556353982399
phenylacetylglutamine;sulfate;-0.14870992407521647;0.16953754012041236
phenylacetylglutamine;taurine;-0.11404433521743151;0.15530809550570082
phenylacetylglutamine;uric acid;-0.22350387776010436;0.33762809352562334
putrescine;2-oxoarginine;0.1744741713173084;-0.08771803990617982
putrescine;4-acetamidobutanoate;0.37703692590002047;0.9343810779477585
putrescine;acetylphosphate;-0.04106363970543585;0.031162739220991914
putrescine;adenine;-0.2291733863654674;0.2804642151544974
putrescine;alpha-d-glucose;0.298549419268505;0.30724023635923714
putrescine;choline;0.17110703822237291;-0.007804502631232172
putrescine;d-galactose;0.7270299981843915;0.4745630291411365
putrescine;d-mannose;0.6690585830017887;
putrescine;deoxyinosine;-0.10700707584078248;-0.45823695147922006
putrescine;gamma-glutamylcysteine;-0.49829946451159934;0.5792467110000393
putrescine;glyceric acid;0.1280093779669713;0.6427709452711637
putrescine;guanine;0.24838056881936887;0.07061792556283465
putrescine;hypoxanthine;0.4506878538071506;-0.12184859217252426
putrescine;inosine;0.6904427543945387;-0.3324485535422993
putrescine;l-2,4-diaminobutyric acid;-0.04006541671165175;0.06415114029526098
putrescine;l-cysteine;0.5452711455993241;-0.2677459643228381
putrescine;l-glutamic gamma-semialdehyde;-0.3654439388063158;0.3956028481501293
putrescine;pyroglutamic acid;0.010919512688945462;0.7426478138032809
putrescine;quinate;0.24571030521603718;0.8076623732045136
putrescine;sucrose;-0.05745882615144825;-0.09212101914045666
putrescine;sulfate;0.5846986769025391;-0.1653333565833056
putrescine;taurine;0.2203602328144837;0.5931220539316027
putrescine;uric acid;0.21019737157325366;0.2581910314598533
pyroglutamic acid;2-oxoarginine;-0.23588314466740096;-0.039107565379751366
pyroglutamic acid;4-acetamidobutanoate;-0.10282984619186204;0.8880643035505501
pyroglutamic acid;acetylphosphate;0.15416340558856712;-0.014840590762942142
pyroglutamic acid;adenine;0.1285301882486049;0.15655770689370177
pyroglutamic acid;alpha-d-glucose;0.12270857977750096;0.18275724218530703
pyroglutamic acid;choline;-0.3335664511525107;-0.06348346352865883
pyroglutamic acid;d-galactose;0.09795894630889211;0.6610580238842141
pyroglutamic acid;d-mannose;0.10082244440785404;
pyroglutamic acid;deoxyinosine;0.30966961471485727;-0.4203992977439002
pyroglutamic acid;glyceric acid;0.1393656007985937;0.6846833702926781
pyroglutamic acid;guanine;0.1870057477693201;0.28170038378333523
pyroglutamic acid;hypoxanthine;0.14040872490510728;-0.03187355487533874
pyroglutamic acid;inosine;0.08495446128159456;-0.23135927123909475
pyroglutamic acid;l-2,4-diaminobutyric acid;0.4570265482418833;0.08078897898008904
pyroglutamic acid;l-cysteine;-0.36804110196589646;-0.2739578732998745
pyroglutamic acid;l-glutamic gamma-semialdehyde;0.5598889955037508;0.7278853106656439
pyroglutamic acid;quinate;0.26965374462596786;0.8918640656398553
pyroglutamic acid;sucrose;0.28870348090216413;-0.22139483537624774
pyroglutamic acid;sulfate;-0.032086909522149466;-0.0896686839310731
pyroglutamic acid;taurine;0.346090867666251;0.6255402676440669
pyroglutamic acid;uric acid;-0.01968102527765206;0.07566460334084121
quinate;2-oxoarginine;0.4133560521178716;0.008158356282632716
quinate;4-acetamidobutanoate;0.7417352401240197;0.8939167492240477
quinate;acetylphosphate;0.3859813009444204;0.0018090889904984213
quinate;adenine;-0.19635065676591373;0.2984251751591215
quinate;alpha-d-glucose;0.19286733053737276;0.13920471618257077
quinate;choline;0.2243692926373483;-0.03325270781130128
quinate;d-galactose;0.2896706938487111;0.7262378100500335
quinate;d-mannose;0.3788486533133489;
quinate;deoxyinosine;0.23779233865311994;-0.5078460287445099
quinate;glyceric acid;0.5102030232493958;0.6838746342623125
quinate;guanine;-0.07632096920101143;0.008521528154754847
quinate;hypoxanthine;0.14004714807984225;-0.0003626873234545651
quinate;inosine;0.24721438363143333;-0.2207835983038279
quinate;l-2,4-diaminobutyric acid;0.060709156257181686;0.27706568719898084
quinate;l-glutamic gamma-semialdehyde;0.40395428808784634;0.6712856637150808
quinate;sucrose;-0.4846446939808406;-0.23845725820410518
quinate;sulfate;0.19274145016555633;-0.038950294191598435
quinate;taurine;0.1480600382545223;0.5508995872454892
quinate;uric acid;0.27266018798798725;0.16729864355169494
succinic acid;2-oxoarginine;-0.1759621084790469;-0.00693126808508684
succinic acid;3-(2-hydroxyphenyl)propanoic acid;-0.07162185370238916;-0.3146730388260436
succinic acid;4-acetamidobutanoate;-0.00340969508447449;0.6586435228535318
succinic acid;acetylphosphate;0.1169777819197747;-0.14455290325460168
succinic acid;adenine;-0.16095025436969568;0.4965709980455739
succinic acid;alpha-d-glucose;-0.04415451751827321;0.1496493985318768
succinic acid;choline;-0.15336882251845582;0.09463817052812253
succinic acid;d-galactose;-0.053625676763573056;0.7224787780850803
succinic acid;d-mannose;-0.12240572824536496;
succinic acid;deoxyinosine;0.21690833685158978;-0.4198254368483409
succinic acid;gamma-glutamylcysteine;-0.5501628730250554;0.4752154732204063
succinic acid;glyceric acid;0.06551062525503333;0.595520838785643
succinic acid;guanine;0.16168860363250476;-0.17216739846194717
succinic acid;hypoxanthine;0.5181117765965396;-0.02947109027887477
succinic acid;inosine;0.08462561995192287;-0.30732749090441425
succinic acid;l-2,4-diaminobutyric acid;0.6419951214797281;0.11829554501327136
succinic acid;l-cysteine;-0.19653713048001004;-0.2875200112014401
succinic acid;l-glutamic gamma-semialdehyde;0.19045001312432153;0.3787309734317907
succinic acid;l-phenylalanine;0.32494483815332514;0.1817142313998937
succinic acid;phenylacetic acid;-0.04509786870634981;0.261150314079598
succinic acid;phenylacetylglutamine;0.311721621890775;0.26887555531284574
succinic acid;putrescine;0.28596814923003333;0.5742839822390299
succinic acid;pyroglutamic acid;0.46956462241698427;0.6451619155085793
succinic acid;quinate;0.33299223173305526;0.7386331745666826
succinic acid;sucrose;-0.1706987538162195;-0.11361310841946805
succinic acid;sulfate;0.005641742384182364;0.07216875422359689
succinic acid;taurine;0.5573895709711554;0.5228439573844428
succinic acid;uric acid;-0.19302927884289153;0.48893597689585433
sucrose;acetylphosphate;-0.06583871438349943;-0.08464218673281364
sucrose;taurine;-0.00033368430432981883;0.24438300086708648
sulfate;acetylphosphate;0.08490535233023515;0.062289438298655714
sulfate;alpha-d-glucose;-0.0980755915087259;0.08423391928615037
sulfate;d-galactose;0.42670814268485413;-0.11339017213112813
sulfate;d-mannose;0.4597281827578167;
sulfate;hypoxanthine;0.31365543802232726;0.049747882208661096
sulfate;inosine;0.43767829140005937;0.15828390274850113
sulfate;sucrose;-0.07648505391544706;0.19014684922412597
sulfate;taurine;-0.06117909339931958;-0.31478940613164386
taurine;acetylphosphate;-0.07047532545954453;0.026092074761336598
uric acid;acetylphosphate;-0.2298599138392664;-0.32619514130097205
uric acid;adenine;-0.43647543754116264;0.684194974449951
uric acid;alpha-d-glucose;-0.01311839478504946;0.41635719964405554
uric acid;d-galactose;0.2792693120649138;0.37873925537917785
uric acid;d-mannose;0.31502018897798606;
uric acid;deoxyinosine;0.1007811948855196;-0.19275310402579207
uric acid;guanine;-0.31738054932831183;-0.2568460100159773
uric acid;hypoxanthine;0.13194314199340984;-0.42544832400578764
uric acid;inosine;0.12599207175212426;-0.5593527167356851
uric acid;sucrose;-0.3461569536562522;0.35163662349139574
uric acid;sulfate;0.32452702372316317;-0.3057287930125615
uric acid;taurine;0.0034894840727771443;0.46007289339923596
